[
    {
        "nazev": "Tělo sčítá rány",
        "obrazek": "/img/telo-scita-rany.png",
        "autor": "",
        "stran": 0,
        "cena": 122,
        "typ_volba": null,
        "format_volba": null,
        "pocet": 1,
        "typy": [
            {
                "nazev": "papír",
                "ikona": "fa-book",
                "formaty": ""
            },
            {
                "nazev": "e-book",
                "ikona": "fa-tablet-alt",
                "formaty": "pdf mobi"
            }
        ]
    }
]